/ReduceL2_output_0_ReduceL2_reciprocal_table_bf16,0x00000000,553c72840b7fada4ec3a47c42adb6996,512
/head/head.4/Gemm_output_0_Gemm_merged_scale_to_matmul_bf16,0x00000200,71d9c673d8c25917eeae268469faeedc,131072
/backbone/backbone.18/backbone.18.2/Clip_output_0_Clip_0_filter_reordered,0x00020200,eafc3e8839859c7821099fb718abdaa4,2457600
/backbone/backbone.17/conv/conv.0/conv.0.2/Clip_output_0_Clip_0_bias_reordered,0x00278200,a5259d099212e09d4490d457a445d379,3840
/backbone/backbone.17/conv/conv.0/conv.0.2/Clip_output_0_Clip_0_filter_reordered,0x00279100,97c6391f8924f307eb0e4674cfa30ff6,307200
/backbone/backbone.16/conv/conv.1/conv.1.2/Clip_output_0_Clip_0_filter_reordered,0x002c4100,62733fdc4cc228cf4d106a36fa7552f3,17280
/Expand_output_0_Expand_reciprocal_pow_table_bf16,0x002c8480,e440c362c612682199b9525c4610e38d,512
/backbone/backbone.16/conv/conv.0/conv.0.2/Clip_output_0_Clip_0_filter_reordered,0x002c8680,aa4f9dfad4e2486a8a094937b4581e17,307200
/backbone/backbone.15/conv/conv.2/Conv_output_0_Conv_bias_reordered,0x00313680,a8b72a0e9ebf9c94433aa3dc9f4be8f4,640
/backbone/backbone.15/conv/conv.1/conv.1.2/Clip_output_0_Clip_0_filter_reordered,0x00313900,11e977b58fb6193bec97f2c7629c4b48,17280
/backbone/backbone.15/conv/conv.0/conv.0.2/Clip_output_0_Clip_0_bias_reordered,0x00317c80,26f1253a4d65615e0a80456a75bb757c,3840
/backbone/backbone.14/conv/conv.1/conv.1.2/Clip_output_0_Clip_0_bias_reordered,0x00318b80,54f735d02fa918a5351b4dbaeed9b315,2304
/backbone/backbone.14/conv/conv.1/conv.1.2/Clip_output_0_Clip_0_filter_reordered,0x00319480,8b76bf50d368dd3f98e847b490c05357,10368
/backbone/backbone.14/conv/conv.0/conv.0.2/Clip_output_0_Clip_0_bias_reordered,0x0031bd00,50bf7ae95dbd2c29e8a98c75cbb98605,2304
/backbone/backbone.14/conv/conv.0/conv.0.2/Clip_output_0_Clip_0_filter_reordered,0x0031c600,3ad5e658d736cc2c4aa3c8e8a41a203e,110592
/backbone/backbone.13/conv/conv.2/Conv_output_0_Conv_bias_reordered,0x00337600,2381e7f0c54eb3607337262576997a9a,384
/Expand_output_0_Expand_reciprocal_pow_mantissa_table_bf16,0x00337780,b03a305a67c67db9b63f5160933c8931,512
/backbone/backbone.13/conv/conv.2/Conv_output_0_Conv_filter_reordered,0x00337980,82577a7c821459bb7461f1e9865b09e6,110592
/backbone/backbone.13/conv/conv.1/conv.1.2/Clip_output_0_Clip_0_bias_reordered,0x00352980,44903c95e6799966d77f191649c8364d,2304
/backbone/backbone.13/conv/conv.1/conv.1.2/Clip_output_0_Clip_0_filter_reordered,0x00353280,399b340575be72b2dc57fed6f857e914,10368
/backbone/backbone.13/conv/conv.0/conv.0.2/Clip_output_0_Clip_0_filter_reordered,0x00355b00,7672fe8d1af45ed8d6d51e4f3e89f0eb,110592
/backbone/backbone.12/conv/conv.2/Conv_output_0_Conv_bias_reordered,0x00370b00,cdd2e531429f72ee787dd1af4e56b1f1,384
/backbone/backbone.12/conv/conv.2/Conv_output_0_Conv_filter_reordered,0x00370c80,379a55a4667f0b22493ecb24dbe87060,110592
/backbone/backbone.12/conv/conv.1/conv.1.2/Clip_output_0_Clip_0_bias_reordered,0x0038bc80,1782a68f121da8d800bb9a2444622a73,2304
/backbone/backbone.12/conv/conv.0/conv.0.2/Clip_output_0_Clip_0_bias_reordered,0x0038c580,1bea164a14cb30336587398d8983387b,2304
/backbone/backbone.11/conv/conv.2/Conv_output_0_Conv_bias_reordered,0x0038ce80,fe00354dbbe363c8c08bd16aa271acac,384
/backbone/backbone.11/conv/conv.1/conv.1.2/Clip_output_0_Clip_0_bias_reordered,0x0038d000,c1d29517fca283004aa2dc3aa808f400,1536
/backbone/backbone.11/conv/conv.1/conv.1.2/Clip_output_0_Clip_0_filter_reordered,0x0038d600,69f3b8dfefd807aeefb3b6bd82f159e4,6912
/backbone/backbone.11/conv/conv.0/conv.0.2/Clip_output_0_Clip_0_bias_reordered,0x0038f100,08e53206ec0e9b6ae622202ce58843a6,1536
/backbone/backbone.16/conv/conv.2/Conv_output_0_Conv_filter_reordered,0x0038f700,76e23f9c0ccd10d4f9671985027be4f5,307200
/backbone/backbone.5/conv/conv.0/conv.0.2/Clip_output_0_Clip_0_bias_reordered,0x003da700,5485bd1b2b29ba4934da5e5d2b396b5e,768
/backbone/backbone.4/conv/conv.1/conv.1.2/Clip_output_0_Clip_0_filter_reordered,0x003daa00,79392bc286c0dba14503cb424f524ff3,2592
/head/head.0/Gemm_output_0_Gemm_merged_scale_to_matmul_bf16,0x003db420,e55de030ec9570ab5dddec01eeb817bc,1310720
/backbone/backbone.14/conv/conv.2/Conv_output_0_Conv_filter_reordered,0x0051b420,eaf210c1288fe24c6fd6df9f13d970f4,184320
/backbone/backbone.6/conv/conv.2/Conv_output_0_Conv_filter_reordered,0x00548420,e8ad16590575a05f35ef0df2a9414beb,12288
/backbone/backbone.4/conv/conv.2/Conv_output_0_Conv_bias_reordered,0x0054b420,734182ce10c018184b711d7c0e320823,128
/head/head.0/Gemm_output_0_Gemm_merged_bias_to_matmul,0x0054b4a0,ff2aca60dd6eee2b70fe86d1be1ebe0a,2048
/backbone/backbone.13/conv/conv.0/conv.0.2/Clip_output_0_Clip_0_bias_reordered,0x0054bca0,8b60a2376394d1d69d9e1a0ee5e307dd,2304
/backbone/backbone.4/conv/conv.1/conv.1.2/Clip_output_0_Clip_0_bias_reordered,0x0054c5a0,c92fdf77bf3039aae8c45e27ff375aed,576
/backbone/backbone.6/conv/conv.1/conv.1.2/Clip_output_0_Clip_0_filter_reordered,0x0054c7e0,6ca950b4aeaadd16e6715aaeaf0431d3,3456
/backbone/backbone.15/conv/conv.0/conv.0.2/Clip_output_0_Clip_0_filter_reordered,0x0054d560,1daf7d42135e2d40ad5c7681213fd1da,307200
/backbone/backbone.10/conv/conv.0/conv.0.2/Clip_output_0_Clip_0_bias_reordered,0x00598560,7fd971463e4a026b1809175444d97fc1,1536
/backbone/backbone.4/conv/conv.0/conv.0.2/Clip_output_0_Clip_0_filter_reordered,0x00598b60,0bb10744f1f804f868bad9385862621f,6912
/backbone/backbone.12/conv/conv.1/conv.1.2/Clip_output_0_Clip_0_filter_reordered,0x0059a660,5a5a61ea8a4bdd9e8c0c1a535d10a125,10368
/backbone/backbone.3/conv/conv.2/Conv_output_0_Conv_filter_reordered,0x0059cee0,db44e0d4d6804969271b65213a76cec0,6912
/backbone/backbone.17/conv/conv.1/conv.1.2/Clip_output_0_Clip_0_filter_reordered,0x0059e9e0,8191e613dc66b50365ffc25ae259fb17,17280
/backbone/backbone.7/conv/conv.0/conv.0.2/Clip_output_0_Clip_0_filter_reordered,0x005a2d60,3b56343ece7556ef701641481b7154c4,12288
/backbone/backbone.8/conv/conv.2/Conv_output_0_Conv_bias_reordered,0x005a5d60,6b67f443f1b15ca553fa6917a4e94720,256
/backbone/backbone.18/backbone.18.2/Clip_output_0_Clip_0_bias_reordered,0x005a5e60,e896705c297a1da41fe2b5a310ed90bf,5120
/backbone/backbone.3/conv/conv.1/conv.1.2/Clip_output_0_Clip_0_bias_reordered,0x005a7260,915f24d5bc386000c4c678dc45799450,576
/backbone/backbone.6/conv/conv.0/conv.0.2/Clip_output_0_Clip_0_filter_reordered,0x005a74a0,bd73f5d04a7e97311c201f164c0f51a6,12288
/backbone/backbone.2/conv/conv.1/conv.1.2/Clip_output_0_Clip_0_filter_reordered,0x005aa4a0,760b8c8750f3dfb54c721aad740d9138,1728
/backbone/backbone.2/conv/conv.0/conv.0.2/Clip_output_0_Clip_0_bias_reordered,0x005aab60,478145f5f86bf7b14bfd6e8c946373d8,384
/backbone/backbone.8/conv/conv.1/conv.1.2/Clip_output_0_Clip_0_filter_reordered,0x005aace0,e4073150f867ccb0310456dc81d52819,6912
/backbone/backbone.10/conv/conv.2/Conv_output_0_Conv_bias_reordered,0x005ac7e0,218141aaf13d9317c2fc9884b44f7e4b,256
/backbone/backbone.5/conv/conv.1/conv.1.2/Clip_output_0_Clip_0_filter_reordered,0x005ac8e0,2c72a4bd84bfabdbbd706af8236f93ec,3456
/backbone/backbone.0/backbone.0.2/Clip_output_0_Clip_0_filter_reordered,0x005ad660,de32f352eac5ada715dd2de8f7b9bf61,1728
/backbone/backbone.1/conv/conv.0/conv.0.2/Clip_output_0_Clip_0_filter_reordered,0x005add20,cb8bb71591e40c27f9d0bcf65a4412c9,576
/backbone/backbone.0/backbone.0.2/Clip_output_0_Clip_0_bias_reordered,0x005adf60,39a08280775bb981f2123352925bd596,128
/backbone/backbone.2/conv/conv.0/conv.0.2/Clip_output_0_Clip_0_filter_reordered,0x005adfe0,1253d72c7db3e8031bf92146399f0e1f,6144
/backbone/backbone.5/conv/conv.2/Conv_output_0_Conv_bias_reordered,0x005af7e0,4664b25ea512be72a00cb1d869084632,128
/backbone/backbone.3/conv/conv.0/conv.0.2/Clip_output_0_Clip_0_filter_reordered,0x005af860,ed8caa5a68b9c4baebda852bcad5640f,6912
/backbone/backbone.12/conv/conv.0/conv.0.2/Clip_output_0_Clip_0_filter_reordered,0x005b1360,ff42f64c5ce8db70aca1bf8296a6fe9e,110592
/backbone/backbone.8/conv/conv.2/Conv_output_0_Conv_filter_reordered,0x005cc360,cfda0dbb4316c985531f7da6c62a278c,49152
/backbone/backbone.5/conv/conv.0/conv.0.2/Clip_output_0_Clip_0_filter_reordered,0x005d8360,4c26f4eb836b57f0ff4ca1c19887789c,12288
/head/head.4/Gemm_output_0_Gemm_merged_bias_to_matmul,0x005db360,87bff03e6466f4cd60c6cee5f31a55f5,512
/backbone/backbone.2/conv/conv.2/Conv_output_0_Conv_filter_reordered,0x005db560,0b863011904c1e8ada146d0a980daff8,4608
/backbone/backbone.6/conv/conv.0/conv.0.2/Clip_output_0_Clip_0_bias_reordered,0x005dc760,9fbdadc2b01a854711dc3e14ab21974c,768
/backbone/backbone.15/conv/conv.2/Conv_output_0_Conv_filter_reordered,0x005dca60,54661461d6abd3131f838da9bdab60a2,307200
/backbone/backbone.2/conv/conv.2/Conv_output_0_Conv_bias_reordered,0x00627a60,5ecf690bf5f5152f0441f21baa782c3a,96
/backbone/backbone.16/conv/conv.2/Conv_output_0_Conv_bias_reordered,0x00627ac0,0bcaa5fa4e82e862f8abe9a82c6b42dc,640
/backbone/backbone.4/conv/conv.2/Conv_output_0_Conv_filter_reordered,0x00627d40,def647a7174dce0ef0e6374d3bbd6455,9216
/backbone/backbone.5/conv/conv.1/conv.1.2/Clip_output_0_Clip_0_bias_reordered,0x0062a140,cb929a7d48be046a89aa7ea581212166,768
/backbone/backbone.14/conv/conv.2/Conv_output_0_Conv_bias_reordered,0x0062a440,95e6857a82c29f645541e796d4be46de,640
/backbone/backbone.9/conv/conv.0/conv.0.2/Clip_output_0_Clip_0_bias_reordered,0x0062a6c0,f75e7c712b6f4d43faf54154c0db1b65,1536
/backbone/backbone.10/conv/conv.0/conv.0.2/Clip_output_0_Clip_0_filter_reordered,0x0062acc0,f494937cee3cc9d66ab048469f8c2131,49152
/backbone/backbone.2/conv/conv.1/conv.1.2/Clip_output_0_Clip_0_bias_reordered,0x00636cc0,350b9ed2eaee493f68bb7655650e888f,384
/backbone/backbone.3/conv/conv.0/conv.0.2/Clip_output_0_Clip_0_bias_reordered,0x00636e40,639095cdfa8170befb791566def20eb7,576
/backbone/backbone.16/conv/conv.1/conv.1.2/Clip_output_0_Clip_0_bias_reordered,0x00637080,6055d6e7d3ac007280cff76ba005e1f4,3840
/backbone/backbone.3/conv/conv.1/conv.1.2/Clip_output_0_Clip_0_filter_reordered,0x00637f80,0e32857b119b3185b4277c29597f99b1,2592
/backbone/backbone.16/conv/conv.0/conv.0.2/Clip_output_0_Clip_0_bias_reordered,0x006389a0,781423a00864f0f15e7681b1c9ea027a,3840
/backbone/backbone.6/conv/conv.1/conv.1.2/Clip_output_0_Clip_0_bias_reordered,0x006398a0,ced0e6eebb88f79bfbd249a8348bfad4,768
/backbone/backbone.6/conv/conv.2/Conv_output_0_Conv_bias_reordered,0x00639ba0,3e8d72c364058a078632d815f09f7ea7,128
/backbone/backbone.7/conv/conv.0/conv.0.2/Clip_output_0_Clip_0_bias_reordered,0x00639c20,3ce43746497c0122c7c4e7e0c9642d53,768
/backbone/backbone.8/conv/conv.1/conv.1.2/Clip_output_0_Clip_0_bias_reordered,0x00639f20,889d977ffbf9923d85eefbeff9e33fe4,1536
/backbone/backbone.15/conv/conv.1/conv.1.2/Clip_output_0_Clip_0_bias_reordered,0x0063a520,ed9e4640d3b8e888c98174f8ba37adf5,3840
/backbone/backbone.3/conv/conv.2/Conv_output_0_Conv_bias_reordered,0x0063b420,2bea5398433445a7cd7da11d5bb5c4e2,96
/backbone/backbone.7/conv/conv.1/conv.1.2/Clip_output_0_Clip_0_filter_reordered,0x0063b480,0f885aacbe2066f1ae6c827eb85d7aec,3456
/backbone/backbone.4/conv/conv.0/conv.0.2/Clip_output_0_Clip_0_bias_reordered,0x0063c200,8a225b443ed963ebdeafa03644b2b618,576
/backbone/backbone.7/conv/conv.1/conv.1.2/Clip_output_0_Clip_0_bias_reordered,0x0063c440,4e55cbee151f942dd9328d34ba6d41e4,768
/backbone/backbone.7/conv/conv.2/Conv_output_0_Conv_filter_reordered,0x0063c740,db5b9249ab0fcf2826811a4ab126396e,24576
/backbone/backbone.9/conv/conv.0/conv.0.2/Clip_output_0_Clip_0_filter_reordered,0x00642740,b78097de7a6c7dc54fb8baabb3863218,49152
/backbone/backbone.7/conv/conv.2/Conv_output_0_Conv_bias_reordered,0x0064e740,84bd187af46a6db6e557c80ee36fad99,256
/backbone/backbone.5/conv/conv.2/Conv_output_0_Conv_filter_reordered,0x0064e840,af25b212fba055f56d7529013330bd40,12288
/backbone/backbone.8/conv/conv.0/conv.0.2/Clip_output_0_Clip_0_filter_reordered,0x00651840,ce6c67cb916f9660a1c4c3c223b72575,49152
/backbone/backbone.8/conv/conv.0/conv.0.2/Clip_output_0_Clip_0_bias_reordered,0x0065d840,21501ca84aa76a7f25dd6a4d686569d9,1536
/backbone/backbone.9/conv/conv.1/conv.1.2/Clip_output_0_Clip_0_bias_reordered,0x0065de40,8d8d373027df385e38a50483cf979baf,1536
/backbone/backbone.9/conv/conv.1/conv.1.2/Clip_output_0_Clip_0_filter_reordered,0x0065e440,4b22f5349a640c4365cc7c8353e53b75,6912
/backbone/backbone.9/conv/conv.2/Conv_output_0_Conv_filter_reordered,0x0065ff40,d7bdde1579616d72a1912861a0165c1b,49152
/backbone/backbone.17/conv/conv.1/conv.1.2/Clip_output_0_Clip_0_bias_reordered,0x0066bf40,ebc0bae0048c297ecb846a7f7dd2939f,3840
/backbone/backbone.1/conv/conv.0/conv.0.2/Clip_output_0_Clip_0_bias_reordered,0x0066ce40,fe13047a28222aab473479417a50ace7,128
/backbone/backbone.9/conv/conv.2/Conv_output_0_Conv_bias_reordered,0x0066cec0,cc77a3951c5826952fd2873a24489dcc,256
/backbone/backbone.11/conv/conv.2/Conv_output_0_Conv_filter_reordered,0x0066cfc0,bb3d22dea8b7759194ea072048f6e61d,73728
/backbone/backbone.10/conv/conv.1/conv.1.2/Clip_output_0_Clip_0_filter_reordered,0x0067efc0,344df73564a0f17d31e2d355ae3fac28,6912
/backbone/backbone.10/conv/conv.1/conv.1.2/Clip_output_0_Clip_0_bias_reordered,0x00680ac0,3318d321bdd7818baadf0bd2408a6901,1536
/ReduceL2_output_0_ReduceL2_reciprocal_mantissa_table_bf16,0x006810c0,eaf37daaf4a38e73ef71648018104f5d,512
/backbone/backbone.10/conv/conv.2/Conv_output_0_Conv_filter_reordered,0x006812c0,7b48a775ba5fc7227621736acf032c1b,49152
/backbone/backbone.11/conv/conv.0/conv.0.2/Clip_output_0_Clip_0_filter_reordered,0x0068d2c0,a83690364733e23309067ce1e40d54ff,49152
